event_message,id,identifier,method,path,search,status_code,timestamp
PATCH | 204 | 34.96.41.121 | 986f481eedb0770d | https://htxsylxwvcbrazdowjys.supabase.co/rest/v1/jobs?id=eq.d92ce920-6b8b-428e-b349-70377a232bca | node,e9df6369-d051-4893-b5b2-8fc16ca4ebb1,htxsylxwvcbrazdowjys,PATCH,/rest/v1/jobs,?id=eq.d92ce920-6b8b-428e-b349-70377a232bca,204,1759188766555000
PATCH | 204 | 34.96.41.121 | 986f47ecee483d94 | https://htxsylxwvcbrazdowjys.supabase.co/rest/v1/jobs?id=eq.d92ce920-6b8b-428e-b349-70377a232bca | node,ca2a28f7-5bb1-4a6d-afad-7fb70277cbb1,htxsylxwvcbrazdowjys,PATCH,/rest/v1/jobs,?id=eq.d92ce920-6b8b-428e-b349-70377a232bca,204,1759188758562000
POST | 200 | 34.96.41.121 | 986f446acb65cd30 | https://htxsylxwvcbrazdowjys.supabase.co/storage/v1/object/intermediates/979a0520-b212-4865-bbcb-e524d639e337/d92ce920-6b8b-428e-b349-70377a232bca/edge.png | node,efae62a9-0fee-4321-89d3-91655d049908,htxsylxwvcbrazdowjys,POST,/storage/v1/object/intermediates/979a0520-b212-4865-bbcb-e524d639e337/d92ce920-6b8b-428e-b349-70377a232bca/edge.png,null,200,1759188623765000
POST | 200 | 34.96.41.121 | 986f43e14db4cd30 | https://htxsylxwvcbrazdowjys.supabase.co/storage/v1/object/intermediates/979a0520-b212-4865-bbcb-e524d639e337/d92ce920-6b8b-428e-b349-70377a232bca/edge.png | node,f59c5b8e-1b50-45da-a50a-5ff2f4ff1df8,htxsylxwvcbrazdowjys,POST,/storage/v1/object/intermediates/979a0520-b212-4865-bbcb-e524d639e337/d92ce920-6b8b-428e-b349-70377a232bca/edge.png,null,200,1759188598674000
PATCH | 204 | 34.96.41.121 | 986f42dcad7ecd30 | https://htxsylxwvcbrazdowjys.supabase.co/rest/v1/jobs?id=eq.d92ce920-6b8b-428e-b349-70377a232bca | node,5d4a15d6-95d6-4257-9ec7-f41b461b0186,htxsylxwvcbrazdowjys,PATCH,/rest/v1/jobs,?id=eq.d92ce920-6b8b-428e-b349-70377a232bca,204,1759188551158000
POST | 200 | 34.96.41.121 | 986f42989a309564 | https://htxsylxwvcbrazdowjys.supabase.co/storage/v1/object/artifacts/979a0520-b212-4865-bbcb-e524d639e337/d92ce920-6b8b-428e-b349-70377a232bca/coloring_page.pdf | node,fa4e25da-0f51-462c-b795-e577265828c7,htxsylxwvcbrazdowjys,POST,/storage/v1/object/artifacts/979a0520-b212-4865-bbcb-e524d639e337/d92ce920-6b8b-428e-b349-70377a232bca/coloring_page.pdf,null,200,1759188540475000
POST | 200 | 34.96.41.121 | 986f41038c57eeff | https://htxsylxwvcbrazdowjys.supabase.co/storage/v1/object/intermediates/979a0520-b212-4865-bbcb-e524d639e337/d92ce920-6b8b-428e-b349-70377a232bca/edge.png | node,322889d3-3104-453b-b553-4b539aee5f53,htxsylxwvcbrazdowjys,POST,/storage/v1/object/intermediates/979a0520-b212-4865-bbcb-e524d639e337/d92ce920-6b8b-428e-b349-70377a232bca/edge.png,null,200,1759188477961000
PATCH | 204 | 34.96.41.121 | 986f401f68233c8b | https://htxsylxwvcbrazdowjys.supabase.co/rest/v1/jobs?id=eq.d92ce920-6b8b-428e-b349-70377a232bca | node,b1905232-f26b-4492-bf8c-b24c5fa5505d,htxsylxwvcbrazdowjys,PATCH,/rest/v1/jobs,?id=eq.d92ce920-6b8b-428e-b349-70377a232bca,204,1759188438955000
POST | 200 | 34.96.41.121 | 986f3fe7ce343c8b | https://htxsylxwvcbrazdowjys.supabase.co/storage/v1/object/artifacts/979a0520-b212-4865-bbcb-e524d639e337/d92ce920-6b8b-428e-b349-70377a232bca/coloring_page.pdf | node,7da18e49-06cb-4fbd-8967-ef454b22b736,htxsylxwvcbrazdowjys,POST,/storage/v1/object/artifacts/979a0520-b212-4865-bbcb-e524d639e337/d92ce920-6b8b-428e-b349-70377a232bca/coloring_page.pdf,null,200,1759188431268000
PATCH | 204 | 34.96.41.121 | 986f3fd32f73eeff | https://htxsylxwvcbrazdowjys.supabase.co/rest/v1/jobs?id=eq.d92ce920-6b8b-428e-b349-70377a232bca | node,4e60ee25-6691-484f-9190-f8e8c6345c87,htxsylxwvcbrazdowjys,PATCH,/rest/v1/jobs,?id=eq.d92ce920-6b8b-428e-b349-70377a232bca,204,1759188426754000
POST | 200 | 34.96.41.121 | 986f3d582eebb6cd | https://htxsylxwvcbrazdowjys.supabase.co/storage/v1/object/intermediates/979a0520-b212-4865-bbcb-e524d639e337/d92ce920-6b8b-428e-b349-70377a232bca/edge.png | node,66e7470b-8c6a-4985-9e03-901d5f3b365f,htxsylxwvcbrazdowjys,POST,/storage/v1/object/intermediates/979a0520-b212-4865-bbcb-e524d639e337/d92ce920-6b8b-428e-b349-70377a232bca/edge.png,null,200,1759188325656000
POST | 200 | 34.96.41.121 | 986f3cab0818cd30 | https://htxsylxwvcbrazdowjys.supabase.co/storage/v1/object/intermediates/979a0520-b212-4865-bbcb-e524d639e337/d92ce920-6b8b-428e-b349-70377a232bca/edge.png | node,821b52c4-d94c-4516-bd8e-c3aad2988946,htxsylxwvcbrazdowjys,POST,/storage/v1/object/intermediates/979a0520-b212-4865-bbcb-e524d639e337/d92ce920-6b8b-428e-b349-70377a232bca/edge.png,null,200,1759188301176000
PATCH | 204 | 34.96.41.121 | 986f3bf7aa9d1bf8 | https://htxsylxwvcbrazdowjys.supabase.co/rest/v1/jobs?id=eq.d92ce920-6b8b-428e-b349-70377a232bca | node,17e8eb87-4b0c-4981-94bd-ae5d247bd178,htxsylxwvcbrazdowjys,PATCH,/rest/v1/jobs,?id=eq.d92ce920-6b8b-428e-b349-70377a232bca,204,1759188268755000
PATCH | 204 | 34.96.41.121 | 986f3bc6efcf7e86 | https://htxsylxwvcbrazdowjys.supabase.co/rest/v1/jobs?id=eq.d92ce920-6b8b-428e-b349-70377a232bca | node,c507469d-45f3-4f6a-b274-e9517acb0fb7,htxsylxwvcbrazdowjys,PATCH,/rest/v1/jobs,?id=eq.d92ce920-6b8b-428e-b349-70377a232bca,204,1759188260953000
POST | 200 | 34.96.41.121 | 986f3b92693c1bf8 | https://htxsylxwvcbrazdowjys.supabase.co/storage/v1/object/artifacts/979a0520-b212-4865-bbcb-e524d639e337/d92ce920-6b8b-428e-b349-70377a232bca/coloring_page.pdf | node,6e91f6a3-813a-42a9-b1d8-47f8c78e7a1f,htxsylxwvcbrazdowjys,POST,/storage/v1/object/artifacts/979a0520-b212-4865-bbcb-e524d639e337/d92ce920-6b8b-428e-b349-70377a232bca/coloring_page.pdf,null,200,1759188252669000
PATCH | 204 | 34.96.41.121 | 986f39806959a6e8 | https://htxsylxwvcbrazdowjys.supabase.co/rest/v1/jobs?id=eq.d92ce920-6b8b-428e-b349-70377a232bca | node,569de9b3-2c1b-414a-956a-d326d30c5992,htxsylxwvcbrazdowjys,PATCH,/rest/v1/jobs,?id=eq.d92ce920-6b8b-428e-b349-70377a232bca,204,1759188167753000
"GET | 200 | 83.104.233.16 | 986f397b599c3eb9 | https://htxsylxwvcbrazdowjys.supabase.co/storage/v1/object/sign/intermediates/979a0520-b212-4865-bbcb-e524d639e337/d92ce920-6b8b-428e-b349-70377a232bca/edge.png?token=eyJraWQiOiJzdG9yYWdlLXVybC1zaWduaW5nLWtleV84MDg4YTkzZC1iOGFmLTRkNGMtYmQwNS1iZWM1NWM1MWNjYTciLCJhbGciOiJIUzI1NiJ9.eyJ1cmwiOiJpbnRlcm1lZGlhdGVzLzk3OWEwNTIwLWIyMTItNDg2NS1iYmNiLWU1MjRkNjM5ZTMzNy9kOTJjZTkyMC02YjhiLTQyOGUtYjM0OS03MDM3N2EyMzJiY2EvZWRnZS5wbmciLCJpYXQiOjE3NTkxODgxNjYsImV4cCI6MTc1OTE5MTc2Nn0.ZYdZ2-5nVdPvG1bLn-_8BSdexOAVsdngdWk-8HpPQV4 | Mozilla/5.0 (Linux; Android 6.0; Nexus 5 Build/MRA58N) AppleWebKit/537.36 (KHTML, like Gecko) Chrome/140.0.0.0 Mobile Safari/537.36",fd1b1e96-1741-4db4-81ea-2aa9861cd3c8,htxsylxwvcbrazdowjys,GET,/storage/v1/object/sign/intermediates/979a0520-b212-4865-bbcb-e524d639e337/d92ce920-6b8b-428e-b349-70377a232bca/edge.png,?token=eyJraWQiOiJzdG9yYWdlLXVybC1zaWduaW5nLWtleV84MDg4YTkzZC1iOGFmLTRkNGMtYmQwNS1iZWM1NWM1MWNjYTciLCJhbGciOiJIUzI1NiJ9.eyJ1cmwiOiJpbnRlcm1lZGlhdGVzLzk3OWEwNTIwLWIyMTItNDg2NS1iYmNiLWU1MjRkNjM5ZTMzNy9kOTJjZTkyMC02YjhiLTQyOGUtYjM0OS03MDM3N2EyMzJiY2EvZWRnZS5wbmciLCJpYXQiOjE3NTkxODgxNjYsImV4cCI6MTc1OTE5MTc2Nn0.ZYdZ2-5nVdPvG1bLn-_8BSdexOAVsdngdWk-8HpPQV4,200,1759188166942000
POST | 200 | 34.204.179.206 | 986f39796c3fee0d | https://htxsylxwvcbrazdowjys.supabase.co/storage/v1/object/sign/artifacts/979a0520-b212-4865-bbcb-e524d639e337/d92ce920-6b8b-428e-b349-70377a232bca/coloring_page.pdf | node,2e280846-082a-4dd5-92fd-c7945dc04d90,htxsylxwvcbrazdowjys,POST,/storage/v1/object/sign/artifacts/979a0520-b212-4865-bbcb-e524d639e337/d92ce920-6b8b-428e-b349-70377a232bca/coloring_page.pdf,null,200,1759188166628000
POST | 200 | 34.204.179.206 | 986f39786abeee0d | https://htxsylxwvcbrazdowjys.supabase.co/storage/v1/object/sign/intermediates/979a0520-b212-4865-bbcb-e524d639e337/d92ce920-6b8b-428e-b349-70377a232bca/edge.png | node,1623cd97-f797-4521-97a5-cd3e1f6c4c43,htxsylxwvcbrazdowjys,POST,/storage/v1/object/sign/intermediates/979a0520-b212-4865-bbcb-e524d639e337/d92ce920-6b8b-428e-b349-70377a232bca/edge.png,null,200,1759188166474000
POST | 200 | 34.204.179.206 | 986f3975ad96ee0d | https://htxsylxwvcbrazdowjys.supabase.co/storage/v1/object/sign/intermediates/979a0520-b212-4865-bbcb-e524d639e337/d92ce920-6b8b-428e-b349-70377a232bca/edge.png | node,441ba32c-759b-459c-ab55-f29742495910,htxsylxwvcbrazdowjys,POST,/storage/v1/object/sign/intermediates/979a0520-b212-4865-bbcb-e524d639e337/d92ce920-6b8b-428e-b349-70377a232bca/edge.png,null,200,1759188166029000
GET | 200 | 34.204.179.206 | 986f39744b1bee0d | https://htxsylxwvcbrazdowjys.supabase.co/rest/v1/assets?select=*&user_id=eq.979a0520-b212-4865-bbcb-e524d639e337&kind=in.%28edge_map%2Cpdf%29&storage_path=like.%25%2Fd92ce920-6b8b-428e-b349-70377a232bca%2F%25 | node,8ea27fc3-da2b-4619-b4e4-84d8633453ad,htxsylxwvcbrazdowjys,GET,/rest/v1/assets,?select=*&user_id=eq.979a0520-b212-4865-bbcb-e524d639e337&kind=in.%28edge_map%2Cpdf%29&storage_path=like.%25%2Fd92ce920-6b8b-428e-b349-70377a232bca%2F%25,200,1759188165815000
GET | 200 | 34.204.179.206 | 986f3973394aee0d | https://htxsylxwvcbrazdowjys.supabase.co/rest/v1/jobs?select=*&id=eq.d92ce920-6b8b-428e-b349-70377a232bca&user_id=eq.979a0520-b212-4865-bbcb-e524d639e337 | node,99e8fd74-44ec-4aa3-a69d-fa573593f358,htxsylxwvcbrazdowjys,GET,/rest/v1/jobs,?select=*&id=eq.d92ce920-6b8b-428e-b349-70377a232bca&user_id=eq.979a0520-b212-4865-bbcb-e524d639e337,200,1759188165642000
PATCH | 204 | 34.96.41.121 | 986f3970c9abcd30 | https://htxsylxwvcbrazdowjys.supabase.co/rest/v1/jobs?id=eq.d92ce920-6b8b-428e-b349-70377a232bca | node,ad7257de-1ed3-4026-ae91-158de5fd981c,htxsylxwvcbrazdowjys,PATCH,/rest/v1/jobs,?id=eq.d92ce920-6b8b-428e-b349-70377a232bca,204,1759188165265000
POST | 200 | 34.96.41.121 | 986f39662cb29550 | https://htxsylxwvcbrazdowjys.supabase.co/storage/v1/object/intermediates/979a0520-b212-4865-bbcb-e524d639e337/d92ce920-6b8b-428e-b349-70377a232bca/edge.png | node,2f440d37-02fd-43d6-9d43-0318d56e588d,htxsylxwvcbrazdowjys,POST,/storage/v1/object/intermediates/979a0520-b212-4865-bbcb-e524d639e337/d92ce920-6b8b-428e-b349-70377a232bca/edge.png,null,200,1759188164662000
GET | 200 | 34.204.179.206 | 986f3966c9a5ee0d | https://htxsylxwvcbrazdowjys.supabase.co/rest/v1/jobs?select=*&id=eq.d92ce920-6b8b-428e-b349-70377a232bca&user_id=eq.979a0520-b212-4865-bbcb-e524d639e337 | node,6c8d74f8-5cdf-40cd-bd23-c63c8e7deda3,htxsylxwvcbrazdowjys,GET,/rest/v1/jobs,?select=*&id=eq.d92ce920-6b8b-428e-b349-70377a232bca&user_id=eq.979a0520-b212-4865-bbcb-e524d639e337,200,1759188163653000
GET | 200 | 34.204.179.206 | 986f395a4afeee0d | https://htxsylxwvcbrazdowjys.supabase.co/rest/v1/jobs?select=*&id=eq.d92ce920-6b8b-428e-b349-70377a232bca&user_id=eq.979a0520-b212-4865-bbcb-e524d639e337 | node,689d5999-d9dd-40aa-9670-bcf4be8c958b,htxsylxwvcbrazdowjys,GET,/rest/v1/jobs,?select=*&id=eq.d92ce920-6b8b-428e-b349-70377a232bca&user_id=eq.979a0520-b212-4865-bbcb-e524d639e337,200,1759188161649000
GET | 200 | 34.204.179.206 | 986f394dbc41ee0d | https://htxsylxwvcbrazdowjys.supabase.co/rest/v1/jobs?select=*&id=eq.d92ce920-6b8b-428e-b349-70377a232bca&user_id=eq.979a0520-b212-4865-bbcb-e524d639e337 | node,f2fb305d-6538-4f91-a76f-7b9b766feb1b,htxsylxwvcbrazdowjys,GET,/rest/v1/jobs,?select=*&id=eq.d92ce920-6b8b-428e-b349-70377a232bca&user_id=eq.979a0520-b212-4865-bbcb-e524d639e337,200,1759188159645000
GET | 200 | 34.204.179.206 | 986f39416f5dee0d | https://htxsylxwvcbrazdowjys.supabase.co/rest/v1/jobs?select=*&id=eq.d92ce920-6b8b-428e-b349-70377a232bca&user_id=eq.979a0520-b212-4865-bbcb-e524d639e337 | node,2c6bcca0-7d91-40dd-a8e3-7c2751a1a6e8,htxsylxwvcbrazdowjys,GET,/rest/v1/jobs,?select=*&id=eq.d92ce920-6b8b-428e-b349-70377a232bca&user_id=eq.979a0520-b212-4865-bbcb-e524d639e337,200,1759188157670000
GET | 200 | 34.204.179.206 | 986f3934d9d6ee0d | https://htxsylxwvcbrazdowjys.supabase.co/rest/v1/jobs?select=*&id=eq.d92ce920-6b8b-428e-b349-70377a232bca&user_id=eq.979a0520-b212-4865-bbcb-e524d639e337 | node,48da0173-2b36-45eb-87df-de98de316ecc,htxsylxwvcbrazdowjys,GET,/rest/v1/jobs,?select=*&id=eq.d92ce920-6b8b-428e-b349-70377a232bca&user_id=eq.979a0520-b212-4865-bbcb-e524d639e337,200,1759188155658000
GET | 200 | 34.204.179.206 | 986f39284c78ee0d | https://htxsylxwvcbrazdowjys.supabase.co/rest/v1/jobs?select=*&id=eq.d92ce920-6b8b-428e-b349-70377a232bca&user_id=eq.979a0520-b212-4865-bbcb-e524d639e337 | node,74295617-d5cc-4a84-b65c-919a81fc06d5,htxsylxwvcbrazdowjys,GET,/rest/v1/jobs,?select=*&id=eq.d92ce920-6b8b-428e-b349-70377a232bca&user_id=eq.979a0520-b212-4865-bbcb-e524d639e337,200,1759188153654000
GET | 200 | 34.204.179.206 | 986f391cd8baee0d | https://htxsylxwvcbrazdowjys.supabase.co/rest/v1/jobs?select=*&id=eq.d92ce920-6b8b-428e-b349-70377a232bca&user_id=eq.979a0520-b212-4865-bbcb-e524d639e337 | node,f098434f-0ec4-4769-8f59-2763b526c691,htxsylxwvcbrazdowjys,GET,/rest/v1/jobs,?select=*&id=eq.d92ce920-6b8b-428e-b349-70377a232bca&user_id=eq.979a0520-b212-4865-bbcb-e524d639e337,200,1759188151821000
GET | 200 | 34.204.179.206 | 986f390f495cee0d | https://htxsylxwvcbrazdowjys.supabase.co/rest/v1/jobs?select=*&id=eq.d92ce920-6b8b-428e-b349-70377a232bca&user_id=eq.979a0520-b212-4865-bbcb-e524d639e337 | node,9fb4389d-bb27-4832-83f6-326082a3f51d,htxsylxwvcbrazdowjys,GET,/rest/v1/jobs,?select=*&id=eq.d92ce920-6b8b-428e-b349-70377a232bca&user_id=eq.979a0520-b212-4865-bbcb-e524d639e337,200,1759188149647000
GET | 200 | 34.204.179.206 | 986f3902cd8aee0d | https://htxsylxwvcbrazdowjys.supabase.co/rest/v1/jobs?select=*&id=eq.d92ce920-6b8b-428e-b349-70377a232bca&user_id=eq.979a0520-b212-4865-bbcb-e524d639e337 | node,278abb5e-5c08-4474-a170-4e169ddbccf3,htxsylxwvcbrazdowjys,GET,/rest/v1/jobs,?select=*&id=eq.d92ce920-6b8b-428e-b349-70377a232bca&user_id=eq.979a0520-b212-4865-bbcb-e524d639e337,200,1759188147652000
GET | 200 | 34.204.179.206 | 986f38f648aeee0d | https://htxsylxwvcbrazdowjys.supabase.co/rest/v1/jobs?select=*&id=eq.d92ce920-6b8b-428e-b349-70377a232bca&user_id=eq.979a0520-b212-4865-bbcb-e524d639e337 | node,897ffdd4-0061-49c2-8592-fa7c18b3ff32,htxsylxwvcbrazdowjys,GET,/rest/v1/jobs,?select=*&id=eq.d92ce920-6b8b-428e-b349-70377a232bca&user_id=eq.979a0520-b212-4865-bbcb-e524d639e337,200,1759188145649000
GET | 200 | 34.204.179.206 | 986f38e9abddee0d | https://htxsylxwvcbrazdowjys.supabase.co/rest/v1/jobs?select=*&id=eq.d92ce920-6b8b-428e-b349-70377a232bca&user_id=eq.979a0520-b212-4865-bbcb-e524d639e337 | node,1841eeb5-67ef-4433-a3de-094d7bdde8e0,htxsylxwvcbrazdowjys,GET,/rest/v1/jobs,?select=*&id=eq.d92ce920-6b8b-428e-b349-70377a232bca&user_id=eq.979a0520-b212-4865-bbcb-e524d639e337,200,1759188143629000
POST | 200 | 34.96.41.121 | 986f38e60ff3887f | https://htxsylxwvcbrazdowjys.supabase.co/storage/v1/object/artifacts/979a0520-b212-4865-bbcb-e524d639e337/d92ce920-6b8b-428e-b349-70377a232bca/coloring_page.pdf | node,a04a47dc-ae6b-49ae-a8df-4c91f7095796,htxsylxwvcbrazdowjys,POST,/storage/v1/object/artifacts/979a0520-b212-4865-bbcb-e524d639e337/d92ce920-6b8b-428e-b349-70377a232bca/coloring_page.pdf,null,200,1759188143169000
GET | 200 | 34.204.179.206 | 986f38dd3f18ee0d | https://htxsylxwvcbrazdowjys.supabase.co/rest/v1/jobs?select=*&id=eq.d92ce920-6b8b-428e-b349-70377a232bca&user_id=eq.979a0520-b212-4865-bbcb-e524d639e337 | node,d0545d28-a7f0-4ca0-b09c-5cd48403b7c7,htxsylxwvcbrazdowjys,GET,/rest/v1/jobs,?select=*&id=eq.d92ce920-6b8b-428e-b349-70377a232bca&user_id=eq.979a0520-b212-4865-bbcb-e524d639e337,200,1759188141642000
GET | 200 | 34.204.179.206 | 986f38d0b9bbee0d | https://htxsylxwvcbrazdowjys.supabase.co/rest/v1/jobs?select=*&id=eq.d92ce920-6b8b-428e-b349-70377a232bca&user_id=eq.979a0520-b212-4865-bbcb-e524d639e337 | node,0ac65989-5118-4482-9c39-5a973052b026,htxsylxwvcbrazdowjys,GET,/rest/v1/jobs,?select=*&id=eq.d92ce920-6b8b-428e-b349-70377a232bca&user_id=eq.979a0520-b212-4865-bbcb-e524d639e337,200,1759188139645000
GET | 200 | 34.204.179.206 | 986f38c43c3aee0d | https://htxsylxwvcbrazdowjys.supabase.co/rest/v1/jobs?select=*&id=eq.d92ce920-6b8b-428e-b349-70377a232bca&user_id=eq.979a0520-b212-4865-bbcb-e524d639e337 | node,418eef65-7609-48b9-a5c2-9abe5c8694df,htxsylxwvcbrazdowjys,GET,/rest/v1/jobs,?select=*&id=eq.d92ce920-6b8b-428e-b349-70377a232bca&user_id=eq.979a0520-b212-4865-bbcb-e524d639e337,200,1759188137641000
GET | 200 | 34.204.179.206 | 986f38b7bd8fee0d | https://htxsylxwvcbrazdowjys.supabase.co/rest/v1/jobs?select=*&id=eq.d92ce920-6b8b-428e-b349-70377a232bca&user_id=eq.979a0520-b212-4865-bbcb-e524d639e337 | node,9ad53fe5-88e9-42c7-870d-e6a4ed788b19,htxsylxwvcbrazdowjys,GET,/rest/v1/jobs,?select=*&id=eq.d92ce920-6b8b-428e-b349-70377a232bca&user_id=eq.979a0520-b212-4865-bbcb-e524d639e337,200,1759188135639000
GET | 200 | 34.204.179.206 | 986f38ab8876ee0d | https://htxsylxwvcbrazdowjys.supabase.co/rest/v1/jobs?select=*&id=eq.d92ce920-6b8b-428e-b349-70377a232bca&user_id=eq.979a0520-b212-4865-bbcb-e524d639e337 | node,cce3ea8b-c0e1-491f-b7e3-8a7ddd89b899,htxsylxwvcbrazdowjys,GET,/rest/v1/jobs,?select=*&id=eq.d92ce920-6b8b-428e-b349-70377a232bca&user_id=eq.979a0520-b212-4865-bbcb-e524d639e337,200,1759188133692000
GET | 200 | 34.204.179.206 | 986f389ea973ee0d | https://htxsylxwvcbrazdowjys.supabase.co/rest/v1/jobs?select=*&id=eq.d92ce920-6b8b-428e-b349-70377a232bca&user_id=eq.979a0520-b212-4865-bbcb-e524d639e337 | node,0cd96f48-4341-416a-bf59-15d7de2234b5,htxsylxwvcbrazdowjys,GET,/rest/v1/jobs,?select=*&id=eq.d92ce920-6b8b-428e-b349-70377a232bca&user_id=eq.979a0520-b212-4865-bbcb-e524d639e337,200,1759188131638000
GET | 200 | 34.204.179.206 | 986f3892cd85ee0d | https://htxsylxwvcbrazdowjys.supabase.co/rest/v1/jobs?select=*&id=eq.d92ce920-6b8b-428e-b349-70377a232bca&user_id=eq.979a0520-b212-4865-bbcb-e524d639e337 | node,58539bbd-7583-4021-ba90-f8abaafe372b,htxsylxwvcbrazdowjys,GET,/rest/v1/jobs,?select=*&id=eq.d92ce920-6b8b-428e-b349-70377a232bca&user_id=eq.979a0520-b212-4865-bbcb-e524d639e337,200,1759188129733000
GET | 200 | 34.204.179.206 | 986f3885b80dee0d | https://htxsylxwvcbrazdowjys.supabase.co/rest/v1/jobs?select=*&id=eq.d92ce920-6b8b-428e-b349-70377a232bca&user_id=eq.979a0520-b212-4865-bbcb-e524d639e337 | node,493c15f8-665d-4de9-9d5f-46a325308536,htxsylxwvcbrazdowjys,GET,/rest/v1/jobs,?select=*&id=eq.d92ce920-6b8b-428e-b349-70377a232bca&user_id=eq.979a0520-b212-4865-bbcb-e524d639e337,200,1759188127643000
GET | 200 | 34.204.179.206 | 986f38793b18ee0d | https://htxsylxwvcbrazdowjys.supabase.co/rest/v1/jobs?select=*&id=eq.d92ce920-6b8b-428e-b349-70377a232bca&user_id=eq.979a0520-b212-4865-bbcb-e524d639e337 | node,9ca8aedf-e85b-4b7e-b699-833fb9c8b994,htxsylxwvcbrazdowjys,GET,/rest/v1/jobs,?select=*&id=eq.d92ce920-6b8b-428e-b349-70377a232bca&user_id=eq.979a0520-b212-4865-bbcb-e524d639e337,200,1759188125645000
GET | 200 | 34.204.179.206 | 986f386cabe3ee0d | https://htxsylxwvcbrazdowjys.supabase.co/rest/v1/jobs?select=*&id=eq.d92ce920-6b8b-428e-b349-70377a232bca&user_id=eq.979a0520-b212-4865-bbcb-e524d639e337 | node,5507c411-3844-47ca-9f14-606203dd4acb,htxsylxwvcbrazdowjys,GET,/rest/v1/jobs,?select=*&id=eq.d92ce920-6b8b-428e-b349-70377a232bca&user_id=eq.979a0520-b212-4865-bbcb-e524d639e337,200,1759188123632000
GET | 200 | 34.204.179.206 | 986f38604a7cee0d | https://htxsylxwvcbrazdowjys.supabase.co/rest/v1/jobs?select=*&id=eq.d92ce920-6b8b-428e-b349-70377a232bca&user_id=eq.979a0520-b212-4865-bbcb-e524d639e337 | node,b899ccc7-38ef-4081-bf24-ac67fea8e553,htxsylxwvcbrazdowjys,GET,/rest/v1/jobs,?select=*&id=eq.d92ce920-6b8b-428e-b349-70377a232bca&user_id=eq.979a0520-b212-4865-bbcb-e524d639e337,200,1759188121648000
GET | 200 | 34.204.179.206 | 986f3853c868ee0d | https://htxsylxwvcbrazdowjys.supabase.co/rest/v1/jobs?select=*&id=eq.d92ce920-6b8b-428e-b349-70377a232bca&user_id=eq.979a0520-b212-4865-bbcb-e524d639e337 | node,6a3bf8bf-6d1c-4764-b8fb-c596c585a48c,htxsylxwvcbrazdowjys,GET,/rest/v1/jobs,?select=*&id=eq.d92ce920-6b8b-428e-b349-70377a232bca&user_id=eq.979a0520-b212-4865-bbcb-e524d639e337,200,1759188119655000
GET | 200 | 34.204.179.206 | 986f38476812ee0d | https://htxsylxwvcbrazdowjys.supabase.co/rest/v1/jobs?select=*&id=eq.d92ce920-6b8b-428e-b349-70377a232bca&user_id=eq.979a0520-b212-4865-bbcb-e524d639e337 | node,ae3af56f-56be-435f-bbc7-dffb582aa1eb,htxsylxwvcbrazdowjys,GET,/rest/v1/jobs,?select=*&id=eq.d92ce920-6b8b-428e-b349-70377a232bca&user_id=eq.979a0520-b212-4865-bbcb-e524d639e337,200,1759188117667000
GET | 200 | 34.204.179.206 | 986f383aba2bee0d | https://htxsylxwvcbrazdowjys.supabase.co/rest/v1/jobs?select=*&id=eq.d92ce920-6b8b-428e-b349-70377a232bca&user_id=eq.979a0520-b212-4865-bbcb-e524d639e337 | node,760fd5ce-5ca7-405f-93d4-5b795bfe7228,htxsylxwvcbrazdowjys,GET,/rest/v1/jobs,?select=*&id=eq.d92ce920-6b8b-428e-b349-70377a232bca&user_id=eq.979a0520-b212-4865-bbcb-e524d639e337,200,1759188115642000
GET | 200 | 34.204.179.206 | 986f382e2ba3ee0d | https://htxsylxwvcbrazdowjys.supabase.co/rest/v1/jobs?select=*&id=eq.d92ce920-6b8b-428e-b349-70377a232bca&user_id=eq.979a0520-b212-4865-bbcb-e524d639e337 | node,e5ecf42a-995b-4890-bed3-f08adbbf7f7b,htxsylxwvcbrazdowjys,GET,/rest/v1/jobs,?select=*&id=eq.d92ce920-6b8b-428e-b349-70377a232bca&user_id=eq.979a0520-b212-4865-bbcb-e524d639e337,200,1759188113631000
GET | 200 | 34.204.179.206 | 986f3821acb6ee0d | https://htxsylxwvcbrazdowjys.supabase.co/rest/v1/jobs?select=*&id=eq.d92ce920-6b8b-428e-b349-70377a232bca&user_id=eq.979a0520-b212-4865-bbcb-e524d639e337 | node,47c9416e-d774-4f42-ab5d-ae254a951f90,htxsylxwvcbrazdowjys,GET,/rest/v1/jobs,?select=*&id=eq.d92ce920-6b8b-428e-b349-70377a232bca&user_id=eq.979a0520-b212-4865-bbcb-e524d639e337,200,1759188111628000
GET | 200 | 34.204.179.206 | 986f38155fc2ee0d | https://htxsylxwvcbrazdowjys.supabase.co/rest/v1/jobs?select=*&id=eq.d92ce920-6b8b-428e-b349-70377a232bca&user_id=eq.979a0520-b212-4865-bbcb-e524d639e337 | node,a933bbd9-f694-4d8e-ab19-ea3d1a641953,htxsylxwvcbrazdowjys,GET,/rest/v1/jobs,?select=*&id=eq.d92ce920-6b8b-428e-b349-70377a232bca&user_id=eq.979a0520-b212-4865-bbcb-e524d639e337,200,1759188109661000
GET | 200 | 34.204.179.206 | 986f3808bfc0ee0d | https://htxsylxwvcbrazdowjys.supabase.co/rest/v1/jobs?select=*&id=eq.d92ce920-6b8b-428e-b349-70377a232bca&user_id=eq.979a0520-b212-4865-bbcb-e524d639e337 | node,883df3a2-241f-48bf-bbc1-cde4fa733cbf,htxsylxwvcbrazdowjys,GET,/rest/v1/jobs,?select=*&id=eq.d92ce920-6b8b-428e-b349-70377a232bca&user_id=eq.979a0520-b212-4865-bbcb-e524d639e337,200,1759188107645000
GET | 200 | 34.204.179.206 | 986f37fc2a52ee0d | https://htxsylxwvcbrazdowjys.supabase.co/rest/v1/jobs?select=*&id=eq.d92ce920-6b8b-428e-b349-70377a232bca&user_id=eq.979a0520-b212-4865-bbcb-e524d639e337 | node,9a3d857c-ed90-4a6c-ab02-9b44a956401a,htxsylxwvcbrazdowjys,GET,/rest/v1/jobs,?select=*&id=eq.d92ce920-6b8b-428e-b349-70377a232bca&user_id=eq.979a0520-b212-4865-bbcb-e524d639e337,200,1759188105632000
GET | 200 | 34.204.179.206 | 986f37efac8bee0d | https://htxsylxwvcbrazdowjys.supabase.co/rest/v1/jobs?select=*&id=eq.d92ce920-6b8b-428e-b349-70377a232bca&user_id=eq.979a0520-b212-4865-bbcb-e524d639e337 | node,bc07f066-0f85-48bf-8b59-3935d596179b,htxsylxwvcbrazdowjys,GET,/rest/v1/jobs,?select=*&id=eq.d92ce920-6b8b-428e-b349-70377a232bca&user_id=eq.979a0520-b212-4865-bbcb-e524d639e337,200,1759188103634000
GET | 200 | 34.204.179.206 | 986f37e32f47ee0d | https://htxsylxwvcbrazdowjys.supabase.co/rest/v1/jobs?select=*&id=eq.d92ce920-6b8b-428e-b349-70377a232bca&user_id=eq.979a0520-b212-4865-bbcb-e524d639e337 | node,1d385380-74d6-483e-9c2d-57cd4620b9d4,htxsylxwvcbrazdowjys,GET,/rest/v1/jobs,?select=*&id=eq.d92ce920-6b8b-428e-b349-70377a232bca&user_id=eq.979a0520-b212-4865-bbcb-e524d639e337,200,1759188101629000
GET | 200 | 34.204.179.206 | 986f37d6ab12ee0d | https://htxsylxwvcbrazdowjys.supabase.co/rest/v1/jobs?select=*&id=eq.d92ce920-6b8b-428e-b349-70377a232bca&user_id=eq.979a0520-b212-4865-bbcb-e524d639e337 | node,81c55908-4f48-40be-a254-f7fc78c409a9,htxsylxwvcbrazdowjys,GET,/rest/v1/jobs,?select=*&id=eq.d92ce920-6b8b-428e-b349-70377a232bca&user_id=eq.979a0520-b212-4865-bbcb-e524d639e337,200,1759188099630000
GET | 200 | 34.204.179.206 | 986f37ca2e4fee0d | https://htxsylxwvcbrazdowjys.supabase.co/rest/v1/jobs?select=*&id=eq.d92ce920-6b8b-428e-b349-70377a232bca&user_id=eq.979a0520-b212-4865-bbcb-e524d639e337 | node,d64467e4-fb34-4214-a105-ed564b332962,htxsylxwvcbrazdowjys,GET,/rest/v1/jobs,?select=*&id=eq.d92ce920-6b8b-428e-b349-70377a232bca&user_id=eq.979a0520-b212-4865-bbcb-e524d639e337,200,1759188097636000
GET | 200 | 34.204.179.206 | 986f37bdc929ee0d | https://htxsylxwvcbrazdowjys.supabase.co/rest/v1/jobs?select=*&id=eq.d92ce920-6b8b-428e-b349-70377a232bca&user_id=eq.979a0520-b212-4865-bbcb-e524d639e337 | node,b97766c1-5d8a-4f9b-a8d4-4dec6fbbbaea,htxsylxwvcbrazdowjys,GET,/rest/v1/jobs,?select=*&id=eq.d92ce920-6b8b-428e-b349-70377a232bca&user_id=eq.979a0520-b212-4865-bbcb-e524d639e337,200,1759188095649000
GET | 200 | 34.204.179.206 | 986f37b12d43ee0d | https://htxsylxwvcbrazdowjys.supabase.co/rest/v1/jobs?select=*&id=eq.d92ce920-6b8b-428e-b349-70377a232bca&user_id=eq.979a0520-b212-4865-bbcb-e524d639e337 | node,5264173a-bae3-4206-92ad-82dae25ca5ec,htxsylxwvcbrazdowjys,GET,/rest/v1/jobs,?select=*&id=eq.d92ce920-6b8b-428e-b349-70377a232bca&user_id=eq.979a0520-b212-4865-bbcb-e524d639e337,200,1759188093631000
GET | 200 | 34.204.179.206 | 986f37a4b888ee0d | https://htxsylxwvcbrazdowjys.supabase.co/rest/v1/jobs?select=*&id=eq.d92ce920-6b8b-428e-b349-70377a232bca&user_id=eq.979a0520-b212-4865-bbcb-e524d639e337 | node,cd84bf3d-cc0b-4fe3-8d64-15b6bfef8c95,htxsylxwvcbrazdowjys,GET,/rest/v1/jobs,?select=*&id=eq.d92ce920-6b8b-428e-b349-70377a232bca&user_id=eq.979a0520-b212-4865-bbcb-e524d639e337,200,1759188091641000
GET | 200 | 34.204.179.206 | 986f37986c24ee0d | https://htxsylxwvcbrazdowjys.supabase.co/rest/v1/jobs?select=*&id=eq.d92ce920-6b8b-428e-b349-70377a232bca&user_id=eq.979a0520-b212-4865-bbcb-e524d639e337 | node,55d1017b-a417-42f9-b9ea-7460d26f27e5,htxsylxwvcbrazdowjys,GET,/rest/v1/jobs,?select=*&id=eq.d92ce920-6b8b-428e-b349-70377a232bca&user_id=eq.979a0520-b212-4865-bbcb-e524d639e337,200,1759188089677000
GET | 200 | 34.204.179.206 | 986f378bcdc3ee0d | https://htxsylxwvcbrazdowjys.supabase.co/rest/v1/jobs?select=*&id=eq.d92ce920-6b8b-428e-b349-70377a232bca&user_id=eq.979a0520-b212-4865-bbcb-e524d639e337 | node,ef6959ee-d807-4efc-9d39-e58908f1974a,htxsylxwvcbrazdowjys,GET,/rest/v1/jobs,?select=*&id=eq.d92ce920-6b8b-428e-b349-70377a232bca&user_id=eq.979a0520-b212-4865-bbcb-e524d639e337,200,1759188087650000
GET | 200 | 34.204.179.206 | 986f377f3fcdee0d | https://htxsylxwvcbrazdowjys.supabase.co/rest/v1/jobs?select=*&id=eq.d92ce920-6b8b-428e-b349-70377a232bca&user_id=eq.979a0520-b212-4865-bbcb-e524d639e337 | node,df74fef2-9a7c-406e-9dcd-2b7345dbbb8a,htxsylxwvcbrazdowjys,GET,/rest/v1/jobs,?select=*&id=eq.d92ce920-6b8b-428e-b349-70377a232bca&user_id=eq.979a0520-b212-4865-bbcb-e524d639e337,200,1759188085639000
GET | 200 | 34.204.179.206 | 986f3772aab3ee0d | https://htxsylxwvcbrazdowjys.supabase.co/rest/v1/jobs?select=*&id=eq.d92ce920-6b8b-428e-b349-70377a232bca&user_id=eq.979a0520-b212-4865-bbcb-e524d639e337 | node,baf9324b-2d80-43c2-b605-6d99574c1295,htxsylxwvcbrazdowjys,GET,/rest/v1/jobs,?select=*&id=eq.d92ce920-6b8b-428e-b349-70377a232bca&user_id=eq.979a0520-b212-4865-bbcb-e524d639e337,200,1759188083633000
GET | 200 | 34.204.179.206 | 986f37663de6ee0d | https://htxsylxwvcbrazdowjys.supabase.co/rest/v1/jobs?select=*&id=eq.d92ce920-6b8b-428e-b349-70377a232bca&user_id=eq.979a0520-b212-4865-bbcb-e524d639e337 | node,a5ea1ba8-83c5-44ec-9261-fbb80eed1f8b,htxsylxwvcbrazdowjys,GET,/rest/v1/jobs,?select=*&id=eq.d92ce920-6b8b-428e-b349-70377a232bca&user_id=eq.979a0520-b212-4865-bbcb-e524d639e337,200,1759188081650000
GET | 200 | 34.204.179.206 | 986f3759b925ee0d | https://htxsylxwvcbrazdowjys.supabase.co/rest/v1/jobs?select=*&id=eq.d92ce920-6b8b-428e-b349-70377a232bca&user_id=eq.979a0520-b212-4865-bbcb-e524d639e337 | node,45818c6a-b828-4b4a-be63-33f5a97246da,htxsylxwvcbrazdowjys,GET,/rest/v1/jobs,?select=*&id=eq.d92ce920-6b8b-428e-b349-70377a232bca&user_id=eq.979a0520-b212-4865-bbcb-e524d639e337,200,1759188079642000
GET | 200 | 34.204.179.206 | 986f374d3c07ee0d | https://htxsylxwvcbrazdowjys.supabase.co/rest/v1/jobs?select=*&id=eq.d92ce920-6b8b-428e-b349-70377a232bca&user_id=eq.979a0520-b212-4865-bbcb-e524d639e337 | node,cfb66cbb-cf71-4a63-9270-7b0ec7e48bdc,htxsylxwvcbrazdowjys,GET,/rest/v1/jobs,?select=*&id=eq.d92ce920-6b8b-428e-b349-70377a232bca&user_id=eq.979a0520-b212-4865-bbcb-e524d639e337,200,1759188077637000
GET | 200 | 34.204.179.206 | 986f3740bfd4ee0d | https://htxsylxwvcbrazdowjys.supabase.co/rest/v1/jobs?select=*&id=eq.d92ce920-6b8b-428e-b349-70377a232bca&user_id=eq.979a0520-b212-4865-bbcb-e524d639e337 | node,8a8dd84a-5d8e-4edc-bf03-0b2e7281fbef,htxsylxwvcbrazdowjys,GET,/rest/v1/jobs,?select=*&id=eq.d92ce920-6b8b-428e-b349-70377a232bca&user_id=eq.979a0520-b212-4865-bbcb-e524d639e337,200,1759188075639000
GET | 200 | 34.204.179.206 | 986f37343ba7ee0d | https://htxsylxwvcbrazdowjys.supabase.co/rest/v1/jobs?select=*&id=eq.d92ce920-6b8b-428e-b349-70377a232bca&user_id=eq.979a0520-b212-4865-bbcb-e524d639e337 | node,3d715eb6-e923-4176-89f4-92a611491657,htxsylxwvcbrazdowjys,GET,/rest/v1/jobs,?select=*&id=eq.d92ce920-6b8b-428e-b349-70377a232bca&user_id=eq.979a0520-b212-4865-bbcb-e524d639e337,200,1759188073644000
GET | 200 | 34.204.179.206 | 986f3727ad57ee0d | https://htxsylxwvcbrazdowjys.supabase.co/rest/v1/jobs?select=*&id=eq.d92ce920-6b8b-428e-b349-70377a232bca&user_id=eq.979a0520-b212-4865-bbcb-e524d639e337 | node,ad896662-a668-40d4-94b4-99e865617863,htxsylxwvcbrazdowjys,GET,/rest/v1/jobs,?select=*&id=eq.d92ce920-6b8b-428e-b349-70377a232bca&user_id=eq.979a0520-b212-4865-bbcb-e524d639e337,200,1759188071635000
GET | 200 | 34.204.179.206 | 986f371b3f63ee0d | https://htxsylxwvcbrazdowjys.supabase.co/rest/v1/jobs?select=*&id=eq.d92ce920-6b8b-428e-b349-70377a232bca&user_id=eq.979a0520-b212-4865-bbcb-e524d639e337 | node,6e00ae50-4e8c-4ad5-b4a0-0c2869c3a52f,htxsylxwvcbrazdowjys,GET,/rest/v1/jobs,?select=*&id=eq.d92ce920-6b8b-428e-b349-70377a232bca&user_id=eq.979a0520-b212-4865-bbcb-e524d639e337,200,1759188069642000
GET | 200 | 34.204.179.206 | 986f370ec8f9ee0d | https://htxsylxwvcbrazdowjys.supabase.co/rest/v1/jobs?select=*&id=eq.d92ce920-6b8b-428e-b349-70377a232bca&user_id=eq.979a0520-b212-4865-bbcb-e524d639e337 | node,512cd4c1-89a9-4b7a-a453-be195acea09f,htxsylxwvcbrazdowjys,GET,/rest/v1/jobs,?select=*&id=eq.d92ce920-6b8b-428e-b349-70377a232bca&user_id=eq.979a0520-b212-4865-bbcb-e524d639e337,200,1759188067655000
GET | 200 | 34.204.179.206 | 986f37028bacee0d | https://htxsylxwvcbrazdowjys.supabase.co/rest/v1/jobs?select=*&id=eq.d92ce920-6b8b-428e-b349-70377a232bca&user_id=eq.979a0520-b212-4865-bbcb-e524d639e337 | node,5191f53c-ca08-4f74-adb6-6649c374ef85,htxsylxwvcbrazdowjys,GET,/rest/v1/jobs,?select=*&id=eq.d92ce920-6b8b-428e-b349-70377a232bca&user_id=eq.979a0520-b212-4865-bbcb-e524d639e337,200,1759188065689000
GET | 200 | 34.204.179.206 | 986f36f5ce45ee0d | https://htxsylxwvcbrazdowjys.supabase.co/rest/v1/jobs?select=*&id=eq.d92ce920-6b8b-428e-b349-70377a232bca&user_id=eq.979a0520-b212-4865-bbcb-e524d639e337 | node,6a732415-a494-4198-8e5c-9ff6c164c821,htxsylxwvcbrazdowjys,GET,/rest/v1/jobs,?select=*&id=eq.d92ce920-6b8b-428e-b349-70377a232bca&user_id=eq.979a0520-b212-4865-bbcb-e524d639e337,200,1759188063648000
GET | 200 | 34.204.179.206 | 986f36e93831ee0d | https://htxsylxwvcbrazdowjys.supabase.co/rest/v1/jobs?select=*&id=eq.d92ce920-6b8b-428e-b349-70377a232bca&user_id=eq.979a0520-b212-4865-bbcb-e524d639e337 | node,e9d2a98d-356b-411d-8d2e-465696174b14,htxsylxwvcbrazdowjys,GET,/rest/v1/jobs,?select=*&id=eq.d92ce920-6b8b-428e-b349-70377a232bca&user_id=eq.979a0520-b212-4865-bbcb-e524d639e337,200,1759188061647000
GET | 200 | 34.204.179.206 | 986f36dcb9ebee0d | https://htxsylxwvcbrazdowjys.supabase.co/rest/v1/jobs?select=*&id=eq.d92ce920-6b8b-428e-b349-70377a232bca&user_id=eq.979a0520-b212-4865-bbcb-e524d639e337 | node,18b07878-36a2-47d7-98ea-524c06e9a6ee,htxsylxwvcbrazdowjys,GET,/rest/v1/jobs,?select=*&id=eq.d92ce920-6b8b-428e-b349-70377a232bca&user_id=eq.979a0520-b212-4865-bbcb-e524d639e337,200,1759188059638000
GET | 200 | 34.204.179.206 | 986f36d03c4cee0d | https://htxsylxwvcbrazdowjys.supabase.co/rest/v1/jobs?select=*&id=eq.d92ce920-6b8b-428e-b349-70377a232bca&user_id=eq.979a0520-b212-4865-bbcb-e524d639e337 | node,96a1e1f6-38c9-4df1-9292-dd3bc74615be,htxsylxwvcbrazdowjys,GET,/rest/v1/jobs,?select=*&id=eq.d92ce920-6b8b-428e-b349-70377a232bca&user_id=eq.979a0520-b212-4865-bbcb-e524d639e337,200,1759188057644000
GET | 200 | 34.204.179.206 | 986f36c3bebaee0d | https://htxsylxwvcbrazdowjys.supabase.co/rest/v1/jobs?select=*&id=eq.d92ce920-6b8b-428e-b349-70377a232bca&user_id=eq.979a0520-b212-4865-bbcb-e524d639e337 | node,e45c499f-2e5d-43a7-b950-2c71801d6f41,htxsylxwvcbrazdowjys,GET,/rest/v1/jobs,?select=*&id=eq.d92ce920-6b8b-428e-b349-70377a232bca&user_id=eq.979a0520-b212-4865-bbcb-e524d639e337,200,1759188055646000
GET | 200 | 34.204.179.206 | 986f36b73fb7ee0d | https://htxsylxwvcbrazdowjys.supabase.co/rest/v1/jobs?select=*&id=eq.d92ce920-6b8b-428e-b349-70377a232bca&user_id=eq.979a0520-b212-4865-bbcb-e524d639e337 | node,01a7bf86-f85b-49c7-989c-e4ddb88aa8f9,htxsylxwvcbrazdowjys,GET,/rest/v1/jobs,?select=*&id=eq.d92ce920-6b8b-428e-b349-70377a232bca&user_id=eq.979a0520-b212-4865-bbcb-e524d639e337,200,1759188053638000
GET | 200 | 34.204.179.206 | 986f36aadb06ee0d | https://htxsylxwvcbrazdowjys.supabase.co/rest/v1/jobs?select=*&id=eq.d92ce920-6b8b-428e-b349-70377a232bca&user_id=eq.979a0520-b212-4865-bbcb-e524d639e337 | node,04244795-af76-4cbe-bf3b-4de6de46acf8,htxsylxwvcbrazdowjys,GET,/rest/v1/jobs,?select=*&id=eq.d92ce920-6b8b-428e-b349-70377a232bca&user_id=eq.979a0520-b212-4865-bbcb-e524d639e337,200,1759188051660000
GET | 200 | 34.204.179.206 | 986f369e2ccbee0d | https://htxsylxwvcbrazdowjys.supabase.co/rest/v1/jobs?select=*&id=eq.d92ce920-6b8b-428e-b349-70377a232bca&user_id=eq.979a0520-b212-4865-bbcb-e524d639e337 | node,1a987515-7d49-4faa-b630-18b43692da08,htxsylxwvcbrazdowjys,GET,/rest/v1/jobs,?select=*&id=eq.d92ce920-6b8b-428e-b349-70377a232bca&user_id=eq.979a0520-b212-4865-bbcb-e524d639e337,200,1759188049637000
GET | 200 | 34.204.179.206 | 986f3691cfa7ee0d | https://htxsylxwvcbrazdowjys.supabase.co/rest/v1/jobs?select=*&id=eq.d92ce920-6b8b-428e-b349-70377a232bca&user_id=eq.979a0520-b212-4865-bbcb-e524d639e337 | node,52a3746d-2c90-4ed8-93bb-bd64170dc5ff,htxsylxwvcbrazdowjys,GET,/rest/v1/jobs,?select=*&id=eq.d92ce920-6b8b-428e-b349-70377a232bca&user_id=eq.979a0520-b212-4865-bbcb-e524d639e337,200,1759188047654000
GET | 200 | 34.204.179.206 | 986f36853a1dee0d | https://htxsylxwvcbrazdowjys.supabase.co/rest/v1/jobs?select=*&id=eq.d92ce920-6b8b-428e-b349-70377a232bca&user_id=eq.979a0520-b212-4865-bbcb-e524d639e337 | node,7a82b38a-cfcc-4231-9dce-719048a6917c,htxsylxwvcbrazdowjys,GET,/rest/v1/jobs,?select=*&id=eq.d92ce920-6b8b-428e-b349-70377a232bca&user_id=eq.979a0520-b212-4865-bbcb-e524d639e337,200,1759188045645000
GET | 200 | 34.204.179.206 | 986f3678cca1ee0d | https://htxsylxwvcbrazdowjys.supabase.co/rest/v1/jobs?select=*&id=eq.d92ce920-6b8b-428e-b349-70377a232bca&user_id=eq.979a0520-b212-4865-bbcb-e524d639e337 | node,4b577a30-e82a-4e61-b7e9-92856b1e168e,htxsylxwvcbrazdowjys,GET,/rest/v1/jobs,?select=*&id=eq.d92ce920-6b8b-428e-b349-70377a232bca&user_id=eq.979a0520-b212-4865-bbcb-e524d639e337,200,1759188043649000
GET | 200 | 34.204.179.206 | 986f366c2f52ee0d | https://htxsylxwvcbrazdowjys.supabase.co/rest/v1/jobs?select=*&id=eq.d92ce920-6b8b-428e-b349-70377a232bca&user_id=eq.979a0520-b212-4865-bbcb-e524d639e337 | node,004f4458-95a8-4e10-a378-c111513b952c,htxsylxwvcbrazdowjys,GET,/rest/v1/jobs,?select=*&id=eq.d92ce920-6b8b-428e-b349-70377a232bca&user_id=eq.979a0520-b212-4865-bbcb-e524d639e337,200,1759188041638000
GET | 200 | 34.204.179.206 | 986f365fa8b3ee0d | https://htxsylxwvcbrazdowjys.supabase.co/rest/v1/jobs?select=*&id=eq.d92ce920-6b8b-428e-b349-70377a232bca&user_id=eq.979a0520-b212-4865-bbcb-e524d639e337 | node,81cea6fa-8663-4091-93a9-1fbee4a75773,htxsylxwvcbrazdowjys,GET,/rest/v1/jobs,?select=*&id=eq.d92ce920-6b8b-428e-b349-70377a232bca&user_id=eq.979a0520-b212-4865-bbcb-e524d639e337,200,1759188039632000
GET | 200 | 34.204.179.206 | 986f36534a60ee0d | https://htxsylxwvcbrazdowjys.supabase.co/rest/v1/jobs?select=*&id=eq.d92ce920-6b8b-428e-b349-70377a232bca&user_id=eq.979a0520-b212-4865-bbcb-e524d639e337 | node,2b572730-89e6-4c32-8192-2ca677d093be,htxsylxwvcbrazdowjys,GET,/rest/v1/jobs,?select=*&id=eq.d92ce920-6b8b-428e-b349-70377a232bca&user_id=eq.979a0520-b212-4865-bbcb-e524d639e337,200,1759188037648000
GET | 200 | 34.204.179.206 | 986f3646bd40ee0d | https://htxsylxwvcbrazdowjys.supabase.co/rest/v1/jobs?select=*&id=eq.d92ce920-6b8b-428e-b349-70377a232bca&user_id=eq.979a0520-b212-4865-bbcb-e524d639e337 | node,56ae2314-5172-49c1-a563-8bf78d46b1d4,htxsylxwvcbrazdowjys,GET,/rest/v1/jobs,?select=*&id=eq.d92ce920-6b8b-428e-b349-70377a232bca&user_id=eq.979a0520-b212-4865-bbcb-e524d639e337,200,1759188035641000
GET | 200 | 34.204.179.206 | 986f363a38d4ee0d | https://htxsylxwvcbrazdowjys.supabase.co/rest/v1/jobs?select=*&id=eq.d92ce920-6b8b-428e-b349-70377a232bca&user_id=eq.979a0520-b212-4865-bbcb-e524d639e337 | node,bfd5c307-626b-4201-a3cf-035279d9849a,htxsylxwvcbrazdowjys,GET,/rest/v1/jobs,?select=*&id=eq.d92ce920-6b8b-428e-b349-70377a232bca&user_id=eq.979a0520-b212-4865-bbcb-e524d639e337,200,1759188033640000
GET | 200 | 34.204.179.206 | 986f362dbbf4ee0d | https://htxsylxwvcbrazdowjys.supabase.co/rest/v1/jobs?select=*&id=eq.d92ce920-6b8b-428e-b349-70377a232bca&user_id=eq.979a0520-b212-4865-bbcb-e524d639e337 | node,d71a3d95-929b-44d9-9592-f4428fab2b9c,htxsylxwvcbrazdowjys,GET,/rest/v1/jobs,?select=*&id=eq.d92ce920-6b8b-428e-b349-70377a232bca&user_id=eq.979a0520-b212-4865-bbcb-e524d639e337,200,1759188031644000
POST | 200 | 34.96.41.121 | 986f3620be0c87d9 | https://htxsylxwvcbrazdowjys.supabase.co/storage/v1/object/intermediates/979a0520-b212-4865-bbcb-e524d639e337/d92ce920-6b8b-428e-b349-70377a232bca/edge.png | node,70f36026-31c0-48a2-a088-33bcdd2fb74e,htxsylxwvcbrazdowjys,POST,/storage/v1/object/intermediates/979a0520-b212-4865-bbcb-e524d639e337/d92ce920-6b8b-428e-b349-70377a232bca/edge.png,null,200,1759188030954000
GET | 200 | 34.204.179.206 | 986f36217d9fee0d | https://htxsylxwvcbrazdowjys.supabase.co/rest/v1/jobs?select=*&id=eq.d92ce920-6b8b-428e-b349-70377a232bca&user_id=eq.979a0520-b212-4865-bbcb-e524d639e337 | node,14f1f43a-8c37-42df-b79a-9700203d6179,htxsylxwvcbrazdowjys,GET,/rest/v1/jobs,?select=*&id=eq.d92ce920-6b8b-428e-b349-70377a232bca&user_id=eq.979a0520-b212-4865-bbcb-e524d639e337,200,1759188029681000
GET | 200 | 34.204.179.206 | 986f3614b83aee0d | https://htxsylxwvcbrazdowjys.supabase.co/rest/v1/jobs?select=*&id=eq.d92ce920-6b8b-428e-b349-70377a232bca&user_id=eq.979a0520-b212-4865-bbcb-e524d639e337 | node,80101a93-3311-448e-8176-600ef4c2c4ba,htxsylxwvcbrazdowjys,GET,/rest/v1/jobs,?select=*&id=eq.d92ce920-6b8b-428e-b349-70377a232bca&user_id=eq.979a0520-b212-4865-bbcb-e524d639e337,200,1759188027643000
GET | 200 | 34.204.179.206 | 986f36083a1fee0d | https://htxsylxwvcbrazdowjys.supabase.co/rest/v1/jobs?select=*&id=eq.d92ce920-6b8b-428e-b349-70377a232bca&user_id=eq.979a0520-b212-4865-bbcb-e524d639e337 | node,2691fb2f-86a2-4287-8020-f63a82fc3030,htxsylxwvcbrazdowjys,GET,/rest/v1/jobs,?select=*&id=eq.d92ce920-6b8b-428e-b349-70377a232bca&user_id=eq.979a0520-b212-4865-bbcb-e524d639e337,200,1759188025637000
GET | 200 | 34.204.179.206 | 986f35fbad0fee0d | https://htxsylxwvcbrazdowjys.supabase.co/rest/v1/jobs?select=*&id=eq.d92ce920-6b8b-428e-b349-70377a232bca&user_id=eq.979a0520-b212-4865-bbcb-e524d639e337 | node,c5ed9d40-0c19-4436-9d9e-fe000d6d7862,htxsylxwvcbrazdowjys,GET,/rest/v1/jobs,?select=*&id=eq.d92ce920-6b8b-428e-b349-70377a232bca&user_id=eq.979a0520-b212-4865-bbcb-e524d639e337,200,1759188023637000
GET | 200 | 34.204.179.206 | 986f35ef4f31ee0d | https://htxsylxwvcbrazdowjys.supabase.co/rest/v1/jobs?select=*&id=eq.d92ce920-6b8b-428e-b349-70377a232bca&user_id=eq.979a0520-b212-4865-bbcb-e524d639e337 | node,b7b90bb6-c1f9-4daf-9bdf-521fa10c718e,htxsylxwvcbrazdowjys,GET,/rest/v1/jobs,?select=*&id=eq.d92ce920-6b8b-428e-b349-70377a232bca&user_id=eq.979a0520-b212-4865-bbcb-e524d639e337,200,1759188021650000
GET | 200 | 34.204.179.206 | 986f35e2e9ddee0d | https://htxsylxwvcbrazdowjys.supabase.co/rest/v1/jobs?select=*&id=eq.d92ce920-6b8b-428e-b349-70377a232bca&user_id=eq.979a0520-b212-4865-bbcb-e524d639e337 | node,92e58aec-5601-4b06-b471-df403fb047bb,htxsylxwvcbrazdowjys,GET,/rest/v1/jobs,?select=*&id=eq.d92ce920-6b8b-428e-b349-70377a232bca&user_id=eq.979a0520-b212-4865-bbcb-e524d639e337,200,1759188019675000
GET | 200 | 34.204.179.206 | 986f35d63b9cee0d | https://htxsylxwvcbrazdowjys.supabase.co/rest/v1/jobs?select=*&id=eq.d92ce920-6b8b-428e-b349-70377a232bca&user_id=eq.979a0520-b212-4865-bbcb-e524d639e337 | node,f4775fac-b65a-4280-8c73-b86e31581fc2,htxsylxwvcbrazdowjys,GET,/rest/v1/jobs,?select=*&id=eq.d92ce920-6b8b-428e-b349-70377a232bca&user_id=eq.979a0520-b212-4865-bbcb-e524d639e337,200,1759188017644000